Feature,Importance
categorical__Long-term health condition (LTHC)_One or more long-term health condition(s),0.4589930693237819
categorical__Age group_65 and over,0.30092164539615157
categorical__Age group_45–64,0.05225973877464083
categorical__Long-term health condition (LTHC)_Arthritis,0.02286167669777334
categorical__Long-term health condition (LTHC)_Diabetes,0.0222309295619471
categorical__Long-term health condition (LTHC)_Any other long-term health condition(s),0.016240460610659303
categorical__Years spent in Australia_0–10 years,0.013284453864148144
categorical__Long-term health condition (LTHC)_Heart disease or stroke,0.010831935297326118
categorical__Age group_00–44,0.010218803719923225
categorical__Region_class_North-East Asia,0.009636466192123673
categorical__Long-term health condition (LTHC)_Heart disease,0.008466664501498657
categorical__Proficiency in spoken English_Not well or Not at all,0.006797136991278566
categorical__Language used at home_Auslan,0.005424057729902717
categorical__Subregion_class_Southern Asia,0.005210769169137552
"categorical__Language used at home_Sign Languages, nfd",0.004364464112300675
categorical__Region_class_South-East Asia,0.00411166641264285
categorical__Years spent in Australia_More than 10 years,0.003673227515257473
categorical__Region_class_North Africa and the Middle East,0.003206294237037902
categorical__Long-term health condition (LTHC)_Mental health condition,0.003013033112853808
categorical__Long-term health condition (LTHC)_Asthma,0.0023939566625033435
"categorical__Country of birth of person_Americas, nfd",0.002233034321392744
categorical__Subregion_class_Polynesia,0.002216856882591774
categorical__Sex_Female,0.002188144664199042
categorical__Country of birth of person_India,0.0017749640867369882
categorical__Region_class_North-West Europe,0.0017696836823049855
categorical__Region_class_Oceania and Antarctica,0.001618338345451581
categorical__Sex_Male,0.0014910585154908175
categorical__Region_class_Southern and Eastern Europe,0.001418375594387275
categorical__Country of birth of person_Iraq,0.0013771003020673746
categorical__Subregion_class_Mainland South-East Asia,0.0011336789695928205
categorical__Subregion_class_Americas (nfd),0.001065592043412388
categorical__Region_class_Southern and Central Asia,0.0009726281516993691
categorical__Language used at home_Nepali,0.0009271344011289174
categorical__Language used at home_.ATSI lang,0.0009237401813068331
categorical__Proficiency in spoken English_Very well or well,0.0008808347311862825
categorical__Subregion_class_United Kingdom,0.0008200888249412095
categorical__Subregion_class_Southern and East Africa,0.0006733948588401006
categorical__Region_class_Americas,0.0005413013494429179
categorical__Long-term health condition (LTHC)_Stroke,0.0005372797853918848
categorical__Language used at home_Punjabi,0.0004530681933478626
categorical__Language used at home_Gujarati,0.00045076970943556754
"categorical__Country of birth of person_Oceania and Antarctica, nfd",0.0004466433961817358
categorical__Country of birth of person_Philippines,0.0004423535879911552
categorical__Country of birth of person_Eritrea,0.0004394464228360312
categorical__Language used at home_Bengali,0.00042309530586014674
categorical__Long-term health condition (LTHC)_Kidney disease,0.0004208828311831913
categorical__Long-term health condition (LTHC)_Lung condition,0.00041057743200909356
categorical__Subregion_class_Northern America,0.0003942148172529705
categorical__Language used at home_Arabic,0.0003931142346558859
categorical__Country of birth of person_Nepal,0.0003647847126970845
categorical__Subregion_class_Middle East,0.0003557352158894872
categorical__Subregion_class_South America,0.0003550275313508468
categorical__Language used at home_Kurdish,0.00028682274936851
categorical__Language used at home_Persian (excluding Dari),0.00028020191563940853
categorical__Language used at home_Tibetan,0.0002482557966586998
categorical__Country of birth of person_Taiwan,0.00023493507438663815
categorical__Sex_Persons,0.00021457596748237004
"categorical__Language used at home_Swiss, so described",0.00019680538869499482
categorical__Country of birth of person_Myanmar,0.00019564603264779362
categorical__Subregion_class_Western Europe,0.00018997455153916832
categorical__Language used at home_Norf'k-Pitcairn,0.0001812158431710142
categorical__Language used at home_Maltese,0.00016018650153909589
categorical__Language used at home_Hakka,0.00015898451753993263
categorical__Proficiency in spoken English_Not specified,0.00014884813722560426
categorical__Language used at home_Indonesian,0.0001483552027859414
categorical__Region_class_Sub-Saharan Africa,0.00014551455745108772
categorical__Country of birth of person_Egypt,0.0001395397003849473
categorical__Country of birth of person_Syria,0.00013720311164241736
categorical__Country of birth of person_Bhutan,0.00012359369659279792
categorical__Country of birth of person_Lebanon,0.0001217474197088757
"categorical__Language used at home_Pidgin, nfd",0.00011641829003188151
categorical__Language used at home_Welsh,0.00011485455822184286
categorical__Language used at home_Mandarin,0.00011413248381018127
categorical__Country of birth of person_Kazakhstan,0.00010549825077266609
categorical__Language used at home_Maori (New Zealand),0.00010505413343044519
categorical__Country of birth of person_Thailand,0.00010028490321307545
categorical__Language used at home_Cantonese,9.932624253770547e-05
categorical__Subregion_class_Chinese Asia,9.691097275972843e-05
categorical__Language used at home_Chaldean Neo-Aramaic,9.259510936084426e-05
categorical__Country of birth of person_Netherlands,8.423743469182248e-05
categorical__Language used at home_Uygur,8.339712355230179e-05
categorical__Country of birth of person_Fiji,7.85468253541749e-05
"categorical__Language used at home_Non-verbal, so described",7.259702372259668e-05
categorical__Country of birth of person_Afghanistan,7.251417579350157e-05
categorical__Country of birth of person_Japan,6.989216997047583e-05
categorical__Language used at home_Hebrew,6.82083832286985e-05
categorical__Language used at home_French,6.709128855034075e-05
categorical__Language used at home_Assyrian Neo-Aramaic,6.562159817455075e-05
categorical__Language used at home_Pashto,6.560776832108794e-05
categorical__Country of birth of person_Vanuatu,6.412213251589793e-05
categorical__Language used at home_Tamil,6.12675672443095e-05
categorical__Country of birth of person_Laos,5.606306359521153e-05
categorical__Language used at home_Tagalog,5.49816564104251e-05
categorical__Language used at home_Malayalam,5.0889374531883324e-05
categorical__Language used at home_Kannada,5.0688203446473135e-05
categorical__Years spent in Australia_Not specified,4.985496592478346e-05
categorical__Language used at home_Samoan,4.726485266830323e-05
categorical__Subregion_class_Melanesia,3.994622973980032e-05
categorical__Country of birth of person_Vietnam,3.5176283247518535e-05
categorical__Country of birth of person_Albania,3.3234376658806874e-05
categorical__Language used at home_Thai,3.2963621919984535e-05
categorical__Country of birth of person_South Africa,3.260211664089021e-05
categorical__Language used at home_Vietnamese,3.2562462369649333e-05
categorical__Country of birth of person_Scotland,2.8896402123398798e-05
categorical__Country of birth of person_Mauritius,2.767863984786333e-05
categorical__Subregion_class_Japan and the Koreas,2.554502560665897e-05
categorical__Country of birth of person_Malta,2.0112489652575258e-05
categorical__Language used at home_Korean,1.6375028807096274e-05
categorical__Language used at home_Bisaya,1.5880826876410066e-05
"categorical__Country of birth of person_United Kingdom, Channel Islands and Isle of Ma",1.533576666780395e-05
categorical__Country of birth of person_Malaysia,1.5153241008143188e-05
categorical__Language used at home_Fijian Hindustani,1.3643649641365065e-05
categorical__Country of birth of person_China (excludes SARs and Taiwan),1.3556450248591376e-05
categorical__Language used at home_Italian,1.2314152681003063e-05
categorical__Country of birth of person_Paraguay,1.1228368360292574e-05
categorical__Language used at home_Wu,1.0608521371554502e-05
"categorical__Language used at home_Southern Asian Languages, nfd",1.0576350725047391e-05
categorical__Subregion_class_Northern Europe,8.999582856984017e-06
categorical__Country of birth of person_Cook Islands,8.41263161135857e-06
categorical__Language used at home_Min Nan,8.327232746159004e-06
categorical__Language used at home_Albanian,7.94543311573186e-06
categorical__Country of birth of person_Tokelau,7.405424493845493e-06
categorical__Language used at home_Burmese,6.481996222957899e-06
"categorical__Language used at home_Burmese and Related Languages, nfd",6.478312301001873e-06
"categorical__Language used at home_Chinese, nfd",5.579946930526822e-06
categorical__Country of birth of person_France,4.707790932268544e-06
categorical__Country of birth of person_New Zealand,4.641988332019484e-06
categorical__Country of birth of person_Bermuda,4.058325062451606e-06
categorical__Country of birth of person_Wales,3.062462353632984e-06
categorical__Country of birth of person_Northern Ireland,2.664546853140048e-06
categorical__Language used at home_Turkish,1.359493183847657e-06
categorical__Country of birth of person_Indonesia,7.856135420780506e-07
categorical__Language used at home_Karen,7.602821505153612e-07
categorical__Country of birth of person_Peru,4.3296959264567897e-07
categorical__Language used at home_Spanish,3.955820630977387e-07
categorical__Country of birth of person_Turkey,3.136185656915757e-07
categorical__Language used at home_Japanese,6.304816876794077e-08
categorical__Country of birth of person_Hong Kong (SAR of China),1.403328718172037e-08
categorical__Country of birth of person_Poland,0.0
categorical__Country of birth of person_Portugal,0.0
categorical__Country of birth of person_Romania,0.0
categorical__Country of birth of person_Finland,0.0
categorical__Country of birth of person_French Polynesia,0.0
categorical__Country of birth of person_Botswana,0.0
categorical__Language used at home_Urdu,0.0
categorical__Language used at home_Uzbek,0.0
categorical__Language used at home_Yiddish,0.0
categorical__Language used at home_Yoruba,0.0
categorical__Language used at home_Zomi,0.0
categorical__Country of birth of person_Bosnia and Herzegovina,0.0
categorical__Language used at home_Ukrainian,0.0
categorical__Country of birth of person_Czechia,0.0
categorical__Country of birth of person_Denmark,0.0
"categorical__Country of birth of person_Eastern Europe, nfd",0.0
categorical__Country of birth of person_Ecuador,0.0
categorical__Subregion_class_Maritime South-East Asia,0.0
categorical__Long-term health condition (LTHC)_Cancer,0.0
categorical__Long-term health condition (LTHC)_Dementia,0.0
"categorical__Country of birth of person_South Eastern Europe, nfd",0.0
categorical__Country of birth of person_South Sudan,0.0
"categorical__Country of birth of person_Southern Asia, nfd",0.0
categorical__Country of birth of person_Spain,0.0
categorical__Country of birth of person_Sri Lanka,0.0
"categorical__Country of birth of person_Sub-Saharan Africa, nfd",0.0
categorical__Country of birth of person_Sudan,0.0
categorical__Country of birth of person_Norway,0.0
categorical__Country of birth of person_Pakistan,0.0
categorical__Country of birth of person_Papua New Guinea,0.0
categorical__Country of birth of person_Tanzania,0.0
categorical__Country of birth of person_Timor-Leste,0.0
categorical__Country of birth of person_Tonga,0.0
categorical__Country of birth of person_Trinidad and Tobago,0.0
categorical__Country of birth of person_Tuvalu,0.0
categorical__Country of birth of person_Uganda,0.0
categorical__Country of birth of person_Ukraine,0.0
categorical__Country of birth of person_United Arab Emirates,0.0
categorical__Country of birth of person_Serbia,0.0
categorical__Country of birth of person_Seychelles,0.0
categorical__Country of birth of person_Sierra Leone,0.0
categorical__Country of birth of person_Singapore,0.0
categorical__Country of birth of person_Latvia,0.0
categorical__Country of birth of person_Liberia,0.0
categorical__Country of birth of person_Libya,0.0
categorical__Country of birth of person_Lithuania,0.0
categorical__Country of birth of person_Macau (SAR of China),0.0
categorical__Country of birth of person_Malawi,0.0
categorical__Country of birth of person_Maldives,0.0
"categorical__Country of birth of person_Maritime South-East Asia, nfd",0.0
categorical__Country of birth of person_Mexico,0.0
"categorical__Country of birth of person_Middle East, nfd",0.0
categorical__Country of birth of person_Switzerland,0.0
categorical__Language used at home_American Languages,0.0
categorical__Language used at home_Amharic,0.0
categorical__Language used at home_Armenian,0.0
categorical__Language used at home_Azeri,0.0
categorical__Country of birth of person_United States of America,0.0
categorical__Country of birth of person_Uruguay,0.0
categorical__Country of birth of person_Uzbekistan,0.0
categorical__Country of birth of person_Venezuela,0.0
categorical__Country of birth of person_Zambia,0.0
categorical__Country of birth of person_Zimbabwe,0.0
categorical__Country of birth of person_Sweden,0.0
categorical__Language used at home_Bemba,0.0
categorical__Language used at home_Bislama,0.0
categorical__Language used at home_Bosnian,0.0
categorical__Language used at home_Bulgarian,0.0
"categorical__Language used at home_Burmese and Related Languages, nec",0.0
categorical__Language used at home_Cebuano,0.0
"categorical__Language used at home_Celtic, nfd",0.0
categorical__Language used at home_Acholi,0.0
"categorical__Language used at home_African Languages, nec",0.0
"categorical__Language used at home_African Languages, nfd",0.0
categorical__Language used at home_Afrikaans,0.0
categorical__Language used at home_Akan,0.0
categorical__Language used at home_Croatian,0.0
"categorical__Language used at home_Cypriot, so described",0.0
categorical__Language used at home_Czech,0.0
categorical__Language used at home_Danish,0.0
categorical__Language used at home_Dari,0.0
categorical__Language used at home_Dhivehi,0.0
categorical__Language used at home_Dinka,0.0
categorical__Language used at home_Dutch,0.0
categorical__Language used at home_Estonian,0.0
categorical__Language used at home_Fijian,0.0
categorical__Language used at home_Filipino,0.0
categorical__Language used at home_Finnish,0.0
categorical__Language used at home_Balochi,0.0
categorical__Language used at home_Bassa,0.0
categorical__Language used at home_Belorussian,0.0
categorical__Country of birth of person_Iran,0.0
categorical__Country of birth of person_Ireland,0.0
categorical__Country of birth of person_Isle of Man,0.0
categorical__Country of birth of person_Israel,0.0
categorical__Country of birth of person_Russian Federation,0.0
categorical__Country of birth of person_Rwanda,0.0
categorical__Country of birth of person_Samoa,0.0
"categorical__Country of birth of person_Samoa, American",0.0
categorical__Country of birth of person_Saudi Arabia,0.0
categorical__Country of birth of person_Moldova,0.0
categorical__Country of birth of person_Montenegro,0.0
categorical__Country of birth of person_Morocco,0.0
categorical__Country of birth of person_Mozambique,0.0
categorical__Country of birth of person_Namibia,0.0
categorical__Country of birth of person_Nauru,0.0
categorical__Country of birth of person_New Caledonia,0.0
categorical__Country of birth of person_Slovakia,0.0
categorical__Country of birth of person_Slovenia,0.0
categorical__Country of birth of person_Somalia,0.0
categorical__Country of birth of person_Italy,0.0
categorical__Country of birth of person_Jamaica,0.0
categorical__Country of birth of person_Jersey,0.0
categorical__Country of birth of person_Jordan,0.0
categorical__Country of birth of person_Kenya,0.0
categorical__Country of birth of person_Kiribati,0.0
"categorical__Country of birth of person_Korea, Republic of (South)",0.0
categorical__Country of birth of person_Kosovo,0.0
categorical__Country of birth of person_Gaza Strip and West Bank,0.0
"categorical__Language used at home_Creole, nfd",0.0
categorical__Language used at home_Kinyarwanda (Rwanda),0.0
"categorical__Language used at home_French Creole, nfd",0.0
categorical__Language used at home_Gaelic (Scotland),0.0
categorical__Language used at home_Georgian,0.0
categorical__Language used at home_German,0.0
categorical__Language used at home_Gilbertese,0.0
categorical__Language used at home_Greek,0.0
categorical__Language used at home_Hazaraghi,0.0
categorical__Language used at home_Hindi,0.0
categorical__Language used at home_Hmong,0.0
categorical__Language used at home_Hungarian,0.0
categorical__Language used at home_IIokano,0.0
"categorical__Language used at home_Iberian Romance, nfd",0.0
categorical__Language used at home_Chin Haka,0.0
categorical__Language used at home_Malay,0.0
categorical__Language used at home_Icelandic,0.0
categorical__Language used at home_Igbo,0.0
categorical__Language used at home_Ilonggo (Hiligaynon),0.0
"categorical__Language used at home_Indo-Aryan, nec",0.0
"categorical__Language used at home_Indo-Aryan, nfd",0.0
"categorical__Language used at home_Iranic, nfd",0.0
categorical__Language used at home_Irish,0.0
categorical__Subregion_class_New Zealand,0.0
categorical__Language used at home_Zulu,0.0
categorical__Language used at home_Kashmiri,0.0
categorical__Language used at home_Khmer,0.0
categorical__Language used at home_Kikuyu,0.0
categorical__Language used at home_Niue,0.0
"categorical__Language used at home_Northern European Languages, nfd",0.0
categorical__Language used at home_Norwegian,0.0
categorical__Language used at home_Nyanja (Chichewa),0.0
categorical__Language used at home_Oriya,0.0
categorical__Language used at home_Kirundi (Rundi),0.0
categorical__Language used at home_Konkani,0.0
categorical__Language used at home_Krio,0.0
categorical__Language used at home_Lao,0.0
categorical__Language used at home_Latin,0.0
categorical__Language used at home_Latvian,0.0
categorical__Language used at home_Lingala,0.0
categorical__Language used at home_Lithuanian,0.0
categorical__Language used at home_Luganda,0.0
categorical__Language used at home_Macedonian,0.0
categorical__Language used at home_Polish,0.0
categorical__Language used at home_Portuguese,0.0
categorical__Language used at home_Rohingya,0.0
categorical__Language used at home_Romanian,0.0
categorical__Language used at home_Rotuman,0.0
categorical__Language used at home_Russian,0.0
categorical__Language used at home_Serbian,0.0
"categorical__Language used at home_Serbo-Croatian/Yugoslavian, so described",0.0
categorical__Language used at home_Maori (Cook Island),0.0
categorical__Language used at home_Marathi,0.0
categorical__Language used at home_Mauritian Creole,0.0
categorical__Language used at home_Moro (Nuba Moro),0.0
categorical__Language used at home_Motu (HiriMotu),0.0
categorical__Language used at home_Nauruan,0.0
categorical__Language used at home_Sindhi,0.0
categorical__Language used at home_Sinhalese,0.0
categorical__Language used at home_Slovak,0.0
categorical__Language used at home_Slovene,0.0
categorical__Language used at home_Somali,0.0
"categorical__Language used at home_South Slavic, nfd",0.0
"categorical__Language used at home_Southeast Asian Austronesian Languages, nec",0.0
"categorical__Language used at home_Southeast Asian Austronesian Languages, nfd",0.0
categorical__Country of birth of person_Bangladesh,0.0
categorical__Language used at home_Swahili,0.0
categorical__Language used at home_Swedish,0.0
categorical__Language used at home_Oromo,0.0
categorical__Language used at home_Pampangan,0.0
"categorical__Language used at home_Papua New Guinea Languages, nfd",0.0
categorical__Country of birth of person_Georgia,0.0
categorical__Country of birth of person_Germany,0.0
categorical__Country of birth of person_Ghana,0.0
categorical__Country of birth of person_Gibraltar,0.0
categorical__Country of birth of person_Greece,0.0
categorical__Country of birth of person_Guatemala,0.0
categorical__Country of birth of person_Guernsey,0.0
categorical__Country of birth of person_Guyana,0.0
categorical__Country of birth of person_Haiti,0.0
categorical__Country of birth of person_Holy See,0.0
categorical__Country of birth of person_Honduras,0.0
categorical__Country of birth of person_Barbados,0.0
categorical__Country of birth of person_Hungary,0.0
categorical__Country of birth of person_Iceland,0.0
categorical__Country of birth of person_Cyprus,0.0
categorical__Language used at home_Shona,0.0
categorical__Language used at home_Telugu,0.0
categorical__Language used at home_Tetum,0.0
categorical__Language used at home_Tigre,0.0
categorical__Language used at home_Tigrinya,0.0
categorical__Language used at home_Timorese,0.0
categorical__Language used at home_Tok Pisin (Neomelanesian),0.0
categorical__Language used at home_Tokelauan,0.0
categorical__Language used at home_Tongan,0.0
categorical__Language used at home_Tswana,0.0
categorical__Language used at home_Tulu,0.0
categorical__Subregion_class_Micronesia,0.0
categorical__Language used at home_Tuvaluan,0.0
categorical__Language used at home_Seychelles Creole,0.0
categorical__Country of birth of person_England,0.0
categorical__Country of birth of person_Estonia,0.0
categorical__Country of birth of person_Eswatini,0.0
categorical__Country of birth of person_Ethiopia,0.0
categorical__Country of birth of person_North Macedonia,0.0
categorical__Country of birth of person_Pitcairn Islands,0.0
categorical__Country of birth of person_Kuwait,0.0
categorical__Country of birth of person_Argentina,0.0
categorical__Country of birth of person_Armenia,0.0
categorical__Country of birth of person_Austria,0.0
categorical__Country of birth of person_Azerbaijan,0.0
categorical__Country of birth of person_Bahamas,0.0
categorical__Country of birth of person_Bahrain,0.0
"categorical__Country of birth of person_Congo, Republic of",0.0
categorical__Country of birth of person_Croatia,0.0
categorical__Country of birth of person_Cuba,0.0
categorical__Subregion_class_Caribbean,0.0
categorical__Country of birth of person_Brazil,0.0
categorical__Country of birth of person_Brunei Darussalam,0.0
categorical__Country of birth of person_Bulgaria,0.0
categorical__Country of birth of person_Burundi,0.0
categorical__Country of birth of person_Cambodia,0.0
categorical__Country of birth of person_Canada,0.0
"categorical__Country of birth of person_Caribbean, nfd",0.0
categorical__Country of birth of person_Chile,0.0
categorical__Country of birth of person_Bolivia,0.0
categorical__Country of birth of person_Colombia,0.0
"categorical__Country of birth of person_Congo, Democratic Republic of",0.0
categorical__Country of birth of person_El Salvador,0.0
categorical__Country of birth of person_Belgium,0.0
categorical__Country of birth of person_Belarus,0.0
categorical__Country of birth of person_Algeria,0.0
categorical__Subregion_class_Southern Europe,0.0
categorical__Subregion_class_South Eastern Europe,0.0
categorical__Subregion_class_Oceania (nfd),0.0
categorical__Subregion_class_North Africa,0.0
categorical__Subregion_class_Sub-Saharan Africa (nfd),0.0
categorical__Country of birth of person_Nicaragua,0.0
categorical__Country of birth of person_Nigeria,0.0
categorical__Country of birth of person_Niue,0.0
categorical__Subregion_class_Central America,0.0
categorical__Subregion_class_Central Asia,0.0
categorical__Subregion_class_Central and West Africa,0.0
categorical__Subregion_class_Eastern Europe,0.0
categorical__Subregion_class_Ireland,0.0
